{
    "temperatura": 29.18396420413565,
    "precipitacion": 0,
    "humedad": 42.41672440412095,
    "direccion_viento": 77.94564248280173,
    "descripcion_clima": "Nublado",
    "calidad_aire": 2.780561094105279,
    "fecha": "11-02-2025"
}
